Sample Groups,Average,Average Variance
1,126.59023300909149,4897.521901236316
5,126.83193209994272,2958.645411010458
10,126.82020201538559,2463.6412659996254
50,126.73290647847926,2182.3855954470996
100,126.72608921419038,2122.368624948141
500,126.72036704812768,2176.919802433842
